,전용면적 당 차량등록수
0,83.84292417880958
1,21.264509755495183
2,7.088169918498394
3,17.315386515188933
4,8.657693257594467
5,53.66757224005927
6,13.163744134354161
7,192.80536912751677
8,45.52348993288591
9,22.761744966442954
10,132.10738255033556
11,66.05369127516778
12,62.48322147651007
13,62.48322147651007
14,170.71308724832215
15,170.71308724832215
16,69.17785234899328
17,69.17785234899328
18,87.07753479125249
19,87.07753479125249
20,214.58392502130076
21,99.51718261857427
22,182.44816813405282
23,59.29565464356717
24,147.0489836721093
25,16.76874375208264
26,162.52782405864713
27,226.65444851716094
28,144.05993962915048
29,17.53773178094006
30,8.142518326865028
31,156.22897800776198
32,12.079560155239326
33,76.95127210004311
34,242.64253773057573
35,111.17439910564562
36,148.23253214086083
37,193.23169368362215
38,111.17439910564562
39,163.35830072666295
40,86.2168809390721
41,86.2168809390721
42,85.08244829513696
43,85.08244829513696
44,292.4315259921744
45,104.61989938513136
46,94.53605366126328
47,167.71752837326608
48,109.16351408154686
49,44.283312316099206
50,15.44766708701135
51,50.31525851197983
52,19.861286254728878
53,60.90794451450189
54,30.453972257250946
55,103.27868852459017
56,39.722572509457756
57,29.424127784783526
58,29.424127784783526
59,66.17373872368861
60,52.09421984630805
61,87.7958569996659
62,41.63514868025392
63,9.05111927831607
64,44.249916471767456
65,562.2546419098144
66,194.66843501326258
67,63.07692307692308
68,117.0
69,58.5
70,19.5
71,39.0
72,212.94167852062589
73,430.66856330014224
74,197.38975817923188
75,27.74344827586207
76,126.11467980295568
77,72.14187192118226
78,33.76132930513595
79,40.51359516616314
80,0.13595166163141995
81,0.13595166163141995
82,0.13595166163141995
83,0.31722054380664655
84,53.706189605641164
85,19.29381039435884
86,36.50847457627119
87,54.1542372881356
88,156.46489104116222
89,111.872397094431
90,27.93135151700889
91,14.155684952497703
92,16.986821942997242
93,0.038001838798651544
94,0.057002758197977316
95,0.057002758197977316
96,0.07600367759730309
97,0.07600367759730309
98,0.07600367759730309
99,0.07600367759730309
100,0.09500459699662887
101,0.09500459699662887
102,0.09500459699662887
103,0.09500459699662887
104,0.09500459699662887
105,0.09500459699662887
106,0.09500459699662887
107,0.09500459699662887
108,0.09500459699662887
109,0.09500459699662887
110,0.09500459699662887
111,0.09500459699662887
112,0.11400551639595463
113,0.11400551639595463
114,0.15200735519460618
115,0.15200735519460618
116,0.17100827459393197
117,0.20901011339258352
118,0.20901011339258352
119,0.20901011339258352
120,91.69368436621801
121,4.233101612187546
122,63.07321402159444
123,37.01044386422977
124,23.68668407310705
125,0.061684073107049604
126,0.10280678851174935
127,0.12336814621409921
128,0.1439295039164491
129,0.18505221932114882
130,0.18505221932114882
131,0.2056135770234987
132,1.2953655352480418
133,12.218670076726344
134,32.175831202046034
135,46.605498721227626
136,66.10314960629921
137,37.73799212598425
138,75.15885826771654
139,34.25749167591565
140,26.06548279689234
141,438.64483906770255
142,96.66570477247502
143,37.683240843507214
144,37.683240843507214
145,79.97972972972973
146,12.670945945945945
147,1.7972972972972974
148,1.7972972972972974
149,32.13567567567568
150,1.6175675675675676
151,0.7189189189189189
152,0.7189189189189189
153,0.10783783783783783
154,0.10783783783783783
155,0.10783783783783783
156,0.10783783783783783
157,0.10783783783783783
158,0.10783783783783783
159,0.10783783783783783
160,0.10783783783783783
161,0.21567567567567567
162,0.48527027027027025
163,386.0
164,41.26642393541238
165,34.95013455754314
166,66.11049548836473
167,123.67294601867975
168,30.286975717439297
169,27.81456953642384
170,37.08609271523179
171,0.07211184694628403
172,0.07211184694628403
173,0.07211184694628403
174,0.07211184694628403
175,0.07211184694628403
176,0.07211184694628403
177,0.07211184694628403
178,0.07211184694628403
179,0.07211184694628403
180,0.07211184694628403
181,0.07211184694628403
182,0.07211184694628403
183,0.07211184694628403
184,0.10301692420897719
185,0.10301692420897719
186,0.10301692420897719
187,0.1545253863134658
188,0.2163355408388521
189,1.1949963208241354
190,41.78423051150324
191,86.02635693544784
192,0.1755639937458119
193,0.1755639937458119
194,0.1755639937458119
195,0.1755639937458119
196,0.1755639937458119
197,0.1755639937458119
198,0.1755639937458119
199,0.1755639937458119
200,0.1755639937458119
201,0.1755639937458119
202,0.1755639937458119
203,0.1755639937458119
204,0.1755639937458119
205,0.1755639937458119
206,0.7315166406075497
207,41.05998209489705
208,15.08325872873769
209,20.11101163831692
210,0.04189794091316025
211,0.027931960608773503
212,0.04189794091316025
213,0.055863921217547005
214,0.055863921217547005
215,0.055863921217547005
216,0.055863921217547005
217,0.055863921217547005
218,0.055863921217547005
219,0.055863921217547005
220,0.06982990152193375
221,0.0837958818263205
222,0.0837958818263205
223,0.09776186213070724
224,0.09776186213070724
225,0.1396598030438675
226,0.670367054610564
227,15.535633133650073
228,20.268126420161124
229,20.561867382772157
230,81.92109068374303
231,61.39186118570543
232,116.32142119396819
233,73.4150289017341
234,13.484393063583815
235,17.97919075144509
236,0.07491329479768787
237,0.0499421965317919
238,0.07491329479768787
239,0.0998843930635838
240,0.0998843930635838
241,0.0998843930635838
242,0.0998843930635838
243,0.0998843930635838
244,0.0998843930635838
245,0.0998843930635838
246,0.12485549132947978
247,0.14982658959537573
248,0.14982658959537573
249,0.17479768786127167
250,0.17479768786127167
251,0.24971098265895955
252,1.1986127167630058
253,83.6322869955157
254,0.4484304932735426
255,0.4484304932735426
256,25.7219730941704
257,2.3318385650224216
258,0.06278026905829596
259,0.06278026905829596
260,0.053811659192825115
261,0.053811659192825115
262,0.053811659192825115
263,0.053811659192825115
264,0.053811659192825115
265,0.053811659192825115
266,0.053811659192825115
267,0.053811659192825115
268,0.053811659192825115
269,0.053811659192825115
270,0.053811659192825115
271,0.053811659192825115
272,0.053811659192825115
273,0.053811659192825115
274,0.06278026905829596
275,0.06278026905829596
276,0.06278026905829596
277,0.06278026905829596
278,0.06278026905829596
279,0.06278026905829596
280,0.06278026905829596
281,0.06278026905829596
282,0.06278026905829596
283,0.06278026905829596
284,0.06278026905829596
285,0.08968609865470852
286,0.08968609865470852
287,0.08968609865470852
288,0.08968609865470852
289,0.08968609865470852
290,0.13452914798206278
291,0.2242152466367713
292,1.0403587443946187
293,66.83090909090909
294,257.7763636363636
295,143.85272727272726
296,79.91818181818182
297,95.90181818181817
298,0.6436363636363637
299,0.6436363636363637
300,0.6436363636363637
301,0.6436363636363637
302,0.6436363636363637
303,1.501818181818182
304,48.141770611499844
305,123.79312442957104
306,82.06510495892911
307,23.64587332053743
308,44.32053742802303
309,36.892514395393476
310,22.135508637236086
311,0.07428023032629559
312,0.04952015355086373
313,0.07428023032629559
314,0.09904030710172745
315,0.09904030710172745
316,0.09904030710172745
317,0.09904030710172745
318,0.09904030710172745
319,0.09904030710172745
320,0.09904030710172745
321,0.1238003838771593
322,0.1238003838771593
323,0.1238003838771593
324,0.14856046065259118
325,0.17332053742802303
326,0.1980806142034549
327,0.22284069097888673
328,42.95716639209226
329,25.774299835255352
330,0.1729818780889621
331,0.1729818780889621
332,0.1729818780889621
333,0.1729818780889621
334,0.1729818780889621
335,0.4036243822075783
336,56.38523614234687
337,77.83410504034926
338,101.78065881730387
339,111.14570361145704
340,72.24470734744708
341,160.0498132004981
342,31.43835616438356
343,62.87671232876712
344,72.24470734744708
345,13.414126112478698
346,66.39992425676955
347,26.15754591933346
348,114.49914788865745
349,28.457110395758377
350,0.28744555955311496
351,0.28744555955311496
352,0.28744555955311496
353,0.28744555955311496
354,0.28744555955311496
355,0.28744555955311496
356,0.28744555955311496
357,0.28744555955311496
358,0.5748911191062299
359,1.1976898314713122
360,37.48227535037098
361,30.78153338829349
362,56.160593569662
363,0.04187963726298434
364,0.06281945589447652
365,0.06281945589447652
366,0.08375927452596868
367,0.08375927452596868
368,0.08375927452596868
369,0.08375927452596868
370,0.08375927452596868
371,0.08375927452596868
372,0.08375927452596868
373,0.10469909315746084
374,0.10469909315746084
375,0.12563891178895303
376,0.12563891178895303
377,0.1465787304204452
378,0.20939818631492169
379,1.0051112943116243
380,47.795868772782505
381,9.543134872417983
382,71.69380315917375
383,0.03207776427703524
384,0.048116646415552855
385,0.048116646415552855
386,0.06415552855407047
387,0.06415552855407047
388,0.06415552855407047
389,0.06415552855407047
390,0.06415552855407047
391,0.06415552855407047
392,0.06415552855407047
393,0.08019441069258809
394,0.08019441069258809
395,0.09623329283110571
396,0.09623329283110571
397,0.09623329283110571
398,0.09623329283110571
399,0.09623329283110571
400,0.09623329283110571
401,0.09623329283110571
402,0.09623329283110571
403,0.09623329283110571
404,0.09623329283110571
405,0.11227217496962333
406,0.16038882138517618
407,0.22454434993924666
408,0.7698663426488457
409,226.15168266899425
410,81.41460576083794
411,0.1821355833575793
412,0.1214237222383862
413,0.1214237222383862
414,0.1214237222383862
415,0.1214237222383862
416,0.1214237222383862
417,0.1214237222383862
418,0.1214237222383862
419,0.1214237222383862
420,0.15177965279798275
421,0.15177965279798275
422,0.15177965279798275
423,0.15177965279798275
424,0.1821355833575793
425,0.1821355833575793
426,0.1821355833575793
427,0.1821355833575793
428,0.21249151391717583
429,0.3035593055959655
430,2.428474444767724
431,170.04239401496258
432,211.95760598503742
433,83.3221476510067
434,128.25503355704697
435,62.557046979865774
436,78.0
437,0.3053691275167785
438,0.3053691275167785
439,0.3053691275167785
440,0.3053691275167785
441,0.3053691275167785
442,0.3053691275167785
443,0.3053691275167785
444,0.3053691275167785
445,0.3053691275167785
446,0.3053691275167785
447,0.3053691275167785
448,0.3053691275167785
449,0.3053691275167785
450,0.43624161073825507
451,0.43624161073825507
452,0.43624161073825507
453,0.43624161073825507
454,0.43624161073825507
455,0.6543624161073825
456,5.060402684563758
457,51.93760571321181
458,13.161059951137005
459,25.332832174403308
460,0.05299755685021612
461,0.05299755685021612
462,0.05299755685021612
463,0.0706634091336215
464,0.0706634091336215
465,0.0706634091336215
466,0.0706634091336215
467,0.0706634091336215
468,0.08832926141702688
469,0.08832926141702688
470,0.08832926141702688
471,0.08832926141702688
472,0.08832926141702688
473,0.08832926141702688
474,0.08832926141702688
475,0.08832926141702688
476,0.08832926141702688
477,0.08832926141702688
478,0.08832926141702688
479,0.08832926141702688
480,0.08832926141702688
481,0.08832926141702688
482,0.08832926141702688
483,0.141326818267243
484,0.141326818267243
485,0.19432437511745912
486,0.19432437511745912
487,0.19432437511745912
488,0.8656267618868634
489,97.49567723342939
490,54.10374639769453
491,32.46224783861671
492,0.12708933717579252
493,0.12708933717579252
494,0.12708933717579252
495,0.12708933717579252
496,0.12708933717579252
497,0.12708933717579252
498,0.12708933717579252
499,0.12708933717579252
500,0.12708933717579252
501,0.12708933717579252
502,0.12708933717579252
503,0.12708933717579252
504,0.12708933717579252
505,0.18155619596541786
506,0.18155619596541786
507,0.18155619596541786
508,0.18155619596541786
509,0.18155619596541786
510,0.2723342939481268
511,2.1060518731988473
512,553.9086221712977
513,319.0913778287024
514,48.62363801452785
515,161.89769975786925
516,38.95323849878935
517,97.13861985472154
518,0.08149213075060532
519,0.08149213075060532
520,0.19014830508474576
521,0.19014830508474576
522,0.08149213075060532
523,0.08149213075060532
524,0.08149213075060532
525,0.10865617433414045
526,0.10865617433414045
527,0.10865617433414045
528,0.10865617433414045
529,0.10865617433414045
530,0.10865617433414045
531,0.13582021791767554
532,0.13582021791767554
533,0.13582021791767554
534,0.13582021791767554
535,0.16298426150121065
536,0.16298426150121065
537,0.16298426150121065
538,0.16298426150121065
539,0.16298426150121065
540,0.16298426150121065
541,0.19014830508474576
542,0.19014830508474576
543,0.19014830508474576
544,0.19014830508474576
545,0.19014830508474576
546,0.19014830508474576
547,0.19014830508474576
548,0.19014830508474576
549,0.19014830508474576
550,0.19014830508474576
551,0.19014830508474576
552,0.2173123486682809
553,0.2716404358353511
554,0.2716404358353511
555,0.2716404358353511
556,0.2716404358353511
557,0.2716404358353511
558,0.4074606537530266
559,2.2002875302663436
560,3.1510290556900724
561,134.53229754176866
562,13.17867404490795
563,17.571565393210598
564,0.054911141853783124
565,0.054911141853783124
566,0.054911141853783124
567,0.054911141853783124
568,0.054911141853783124
569,0.054911141853783124
570,0.054911141853783124
571,0.054911141853783124
572,0.054911141853783124
573,0.054911141853783124
574,0.07321485580504417
575,0.07321485580504417
576,0.07321485580504417
577,0.07321485580504417
578,0.07321485580504417
579,0.07321485580504417
580,0.07321485580504417
581,0.07321485580504417
582,0.07321485580504417
583,0.07321485580504417
584,0.07321485580504417
585,0.07321485580504417
586,0.09151856975630521
587,0.09151856975630521
588,0.09151856975630521
589,0.09151856975630521
590,0.09151856975630521
591,0.09151856975630521
592,0.09151856975630521
593,0.10982228370756625
594,0.10982228370756625
595,0.10982228370756625
596,0.10982228370756625
597,0.10982228370756625
598,0.10982228370756625
599,0.10982228370756625
600,0.10982228370756625
601,0.10982228370756625
602,0.10982228370756625
603,0.10982228370756625
604,0.14642971161008833
605,0.14642971161008833
606,0.2196445674151325
607,1.4642971161008833
608,1.4642971161008833
609,127.90100396918048
610,263.9411627363997
611,106.1578332944198
612,80.23076923076923
613,68.76923076923077
614,19.18189368770764
615,11.509136212624584
616,0.07724252491694351
617,0.07724252491694351
618,0.07724252491694351
619,0.07724252491694351
620,55.309734513274336
621,66.3716814159292
622,0.33185840707964603
623,0.33185840707964603
624,0.33185840707964603
625,0.33185840707964603
626,0.33185840707964603
627,0.33185840707964603
628,0.33185840707964603
629,0.33185840707964603
630,0.33185840707964603
631,0.33185840707964603
632,23.582335329341316
633,78.96107784431138
634,45.23417450812661
635,28.200384944396923
636,0.3406757912745937
637,0.3406757912745937
638,0.3406757912745937
639,39.59867452135493
640,47.51840942562592
641,0.19882179675994108
642,0.19882179675994108
643,0.19882179675994108
644,0.19882179675994108
645,0.19882179675994108
646,0.19882179675994108
647,0.19882179675994108
648,0.19882179675994108
649,0.39764359351988215
650,0.8946980854197348
651,171.3415315818893
652,101.28563443264393
653,29.37283398546674
654,362.81217690982197
655,133.18782309017806
656,32.68345323741007
657,42.02158273381295
658,85.95323741007195
659,75.34172661870504
660,114.20888780368698
661,132.13404956659747
662,251.25955316811132
663,341.3975094616042
664,44.00305576776165
665,49.28342245989305
666,0.14667685255920548
667,0.14667685255920548
668,0.14667685255920548
669,0.14667685255920548
670,0.14667685255920548
671,0.14667685255920548
672,0.14667685255920548
673,0.14667685255920548
674,0.14667685255920548
675,0.14667685255920548
676,0.14667685255920548
677,0.14667685255920548
678,0.14667685255920548
679,0.14667685255920548
680,0.6600458365164248
681,126.53846153846153
682,108.46153846153847
683,82.75254237288135
684,37.11694915254237
685,33.46610169491525
686,66.9322033898305
687,51.11186440677966
688,21.296610169491526
689,23.730508474576272
690,42.59322033898305
691,38.517324738114425
692,46.22078968573731
693,28.815471394037065
694,0.09669621273166801
695,0.09669621273166801
696,0.09669621273166801
697,0.09669621273166801
698,0.12892828364222403
699,0.12892828364222403
700,0.12892828364222403
701,0.12892828364222403
702,0.12892828364222403
703,0.12892828364222403
704,0.16116035455278002
705,0.16116035455278002
706,0.16116035455278002
707,0.16116035455278002
708,0.16116035455278002
709,0.16116035455278002
710,0.16116035455278002
711,0.16116035455278002
712,0.16116035455278002
713,0.16116035455278002
714,0.16116035455278002
715,0.16116035455278002
716,0.16116035455278002
717,0.16116035455278002
718,0.16116035455278002
719,0.16116035455278002
720,0.25785656728444806
721,0.354552780016116
722,0.5157131345688961
723,1.5793714746172443
724,31.98815253609774
725,25.590522028878194
726,0.13328396890040725
727,0.13328396890040725
728,0.13328396890040725
729,0.13328396890040725
730,0.13328396890040725
731,0.13328396890040725
732,0.13328396890040725
733,0.13328396890040725
734,0.13328396890040725
735,0.13328396890040725
736,0.13328396890040725
737,0.13328396890040725
738,0.13328396890040725
739,0.13328396890040725
740,0.5553498704183636
741,8.488805970149253
742,16.977611940298505
743,22.07089552238806
744,16.977611940298505
745,0.12126865671641791
746,0.12126865671641791
747,0.12126865671641791
748,0.12126865671641791
749,71.42441860465117
750,13.186046511627907
751,16.953488372093023
752,33.43604651162791
753,97.86301369863013
754,193.15068493150687
755,84.98630136986301
756,42.77032575964961
757,47.04735833561456
758,0.07637558171366
759,0.050917054475773334
760,0.07637558171366
761,0.10183410895154667
762,0.10183410895154667
763,0.10183410895154667
764,0.10183410895154667
765,0.10183410895154667
766,0.10183410895154667
767,0.10183410895154667
768,0.12729263618943334
769,0.15275116342732
770,0.15275116342732
771,0.17820969066520667
772,0.17820969066520667
773,0.2545852723788667
774,1.22200930741856
775,119.77307692307691
776,48.02980769230769
777,35.93192307692308
778,0.08038461538461539
779,0.12057692307692308
780,0.12057692307692308
781,0.16076923076923078
782,0.16076923076923078
783,0.16076923076923078
784,0.16076923076923078
785,0.16076923076923078
786,0.16076923076923078
787,0.16076923076923078
788,0.16076923076923078
789,0.16076923076923078
790,0.20096153846153847
791,0.20096153846153847
792,0.24115384615384616
793,0.24115384615384616
794,0.28134615384615386
795,0.40192307692307694
796,1.9292307692307693
797,73.54506437768241
798,73.54506437768241
799,56.90987124463519
800,32.613896665818274
801,31.38813947569356
802,19.568337999490964
803,0.13133112751336218
804,0.13133112751336218
805,0.13133112751336218
806,0.13133112751336218
807,0.13133112751336218
808,0.13133112751336218
809,0.26266225502672436
810,0.26266225502672436
811,0.26266225502672436
812,0.26266225502672436
813,0.5909900738101298
814,4.610666666666667
815,9.4848
816,4.904533333333333
817,59.53221173574067
818,0.15264669675830939
819,0.15264669675830939
820,0.15264669675830939
821,0.15264669675830939
822,0.15264669675830939
823,0.15264669675830939
824,0.15264669675830939
825,0.15264669675830939
826,0.15264669675830939
827,0.15264669675830939
828,0.15264669675830939
829,0.15264669675830939
830,0.6360279031596224
831,164.36293436293437
832,83.01158301158301
833,182.62548262548262
834,72.59376770538243
835,98.68215297450425
836,145.56562795089707
837,185.2653446647781
838,214.3784702549575
839,76.56373937677054
840,207.9508970727101
841,153.6643911732021
842,40.08636291474837
843,21.474837275758055
844,42.94967455151611
845,55.145261152563904
846,20.679472932211464
847,115.89249304911955
848,55.9481000926784
849,79.92585727525486
850,26.641952425084956
851,53.28390485016991
852,53.09360518999073
853,46.242817423540316
854,184.97126969416126
855,13.279622344610544
856,56.74020456333596
857,20.523052714398112
858,7.243430369787569
859,90.54287962234461
860,30.784579071597168
861,61.569158143194336
862,267.3170731707317
863,63.27759197324414
864,30.903010033444815
865,85.14094601051123
866,40.678451982799814
867,35.04069767441861
868,111.79651162790698
869,73.4186046511628
870,23.598837209302328
871,102.97674418604652
872,49.343023255813954
873,28.604651162790695
874,26.22093023255814
875,24.924242424242422
876,4.984848484848485
877,17.09090909090909
878,68.03079710144928
879,87.7163043478261
880,35.607608695652175
881,17.369565217391305
882,5.210869565217391
883,131.21259057971014
884,44.075271739130436
885,12.158695652173913
886,39.08152173913044
887,9.77038043478261
888,114.63913043478261
889,29.311141304347828
890,8.684782608695652
891,84.67663043478261
892,21.71195652173913
893,52.108695652173914
894,10.132246376811596
895,17.369565217391305
896,10.132246376811596
897,284.6711688311688
898,99.3038961038961
899,98.47636363636364
900,33.92883116883117
901,106.65974025974026
902,71.81142857142856
903,13.14857142857143
904,192.84083358501962
905,93.74207188160676
906,46.87103594080338
907,46.87103594080338
908,28.12262156448203
909,178.77952280277862
910,151.7728782845062
911,106.01574803149606
912,35.338582677165356
913,60.86089238845144
914,20.614173228346456
915,53.00787401574803
916,98.16272965879266
917,113.57103939647946
918,35.133487007544005
919,165.86274098910312
920,59.64522212908634
921,182.7875104777871
922,174.19036784224497
923,28.69017823284035
924,40.47364429275692
925,26.348122866894197
926,161.38225255972696
927,62.57679180887372
928,70.84717481987107
929,14.491467576791809
930,545.1487073422958
931,19.925025853154086
932,268.4754912099276
933,89.15025853154084
934,178.30051706308168
935,351.91239048811013
936,19.0738423028786
937,207.08743071696765
938,61.30877883068121
939,122.61755766136243
940,120.32432432432434
941,15.040540540540542
942,90.24324324324324
943,87.02027027027027
944,319.7189189189189
945,44.47702702702703
946,118.17567567567568
947,139.5426829268293
948,107.05856199186991
949,107.94334349593497
950,109.71290650406503
951,130.82126524390242
952,277.56859756097566
953,122.35264227642277
954,36.743620899149455
955,7.34872417982989
956,56.830133657351155
957,7.34872417982989
958,62.98906439854192
959,32.7543134872418
960,83.9854191980559
961,104.18952036410316
962,131.74932897654335
963,216.44532617574978
964,123.01085307503791
965,16.132570895086943
966,98.81199673240751
967,30.24857042828802
968,73.60485470883417
969,112.03174232699266
970,53.775236316956466
971,211.46426312460468
972,99.53573687539533
973,53.61638111157543
974,190.09444212285834
975,29.245298788132054
976,59.573756790639365
977,268.0819055578772
978,47.38821562891768
979,128.54483761512358
980,169.02811439650995
981,469.52253999030535
982,93.90450799806108
983,104.57907126043227
984,135.46222983094373
985,230.78750267494115
986,50.171196233682856
987,82.92750642673522
988,30.339331619537276
989,60.67866323907455
990,75.41491002570693
991,72.81439588688946
992,150.82982005141386
993,88.99537275064267
994,252.35880398671097
995,169.64119601328903
996,48.4352
997,100.94336
998,130.77504
999,44.032000000000004
1000,19.8144
1001,75.91589162959967
1002,50.61059441973311
1003,72.54185200161747
1004,93.26809543065104
1005,78.0849171047311
1006,52.05661140315406
1007,144.60169834209464
1008,28.920339668418926
1009,98.80610859728506
1010,140.99298642533938
1011,14.43235294117647
1012,117.75848416289594
1013,206.25576923076923
1014,122.75429864253393
1015,131.07875243664716
1016,57.91851851851852
1017,132.6029239766082
1018,185.18684210526314
1019,24.49561403508772
1020,88.18421052631578
1021,44.09210526315789
1022,32.334210526315786
1023,134.9980506822612
1024,84.91812865497076
1025,201.19064327485378
1026,99.67808219178083
1027,14.239726027397259
1028,14.646575342465754
1029,54.92465753424657
1030,32.95479452054795
1031,31.734246575342468
1032,48.821917808219176
1033,296.21004366812224
1034,667.4541484716157
1035,91.6113537117904
1036,231.64585152838427
1037,378.07860262008734
1038,30.914338348173164
1039,29.84832668099478
1040,65.7881486030089
1041,121.44918636782315
1042,34.5570987654321
1043,34.5570987654321
1044,387.8858024691358
1045,62.61310941220704
1046,443.42398796841707
1047,2.052888833187116
1048,57.48088732923926
1049,25.09086351673142
1050,222.3962902619376
1051,96.94197267828048
1052,126.33648943918426
1053,123.52901189609128
1054,61.76450594804564
1055,148.8965768390386
1056,13.5360524399126
1057,70.38747268754551
1058,119.11726147123089
1059,135.360524399126
1060,27.0721048798252
1061,87.34369831293418
1062,9.873635461462124
1063,46.87264306979821
1064,92.76877274230897
1065,75.95104201124711
1066,15.190208402249421
1067,48.60122075279755
1068,46.73194303153611
1069,24.300610376398776
1070,84.11749745676501
1071,28.039165818921667
1072,191.06688708036623
1073,102.14267548321466
1074,284.6645935139938
1075,62.225677476677035
1076,9.29808973789427
1077,297.94757885384274
1078,35.864060417592185
1079,197.59230199851964
1080,14.249444855662471
1081,125.39511472982976
1082,330.3760177646188
1083,45.38712065136935
1084,259.2649777101228
1085,531.825595302816
1086,184.03381537457867
1087,43.87561161248233
1088,375.3720966977406
1089,57.33607204929689
1090,17.917522515405278
1091,297.17490914836463
1092,62.19939958919261
1093,11.398533007334962
1094,11.398533007334962
1095,51.92665036674816
1096,45.594132029339846
1097,14.65525672371638
1098,13.026894865525673
1099,60.68944478340451
1100,24.275777913361807
1101,97.10311165344723
1102,100.32336790726053
1103,150.4850518608908
1104,57.96461256863941
1105,28.982306284319705
1106,74.31360585723002
1107,14.862721171446005
1108,63.984375
1109,21.328125
1110,239.6875
1111,58.90625
1112,201.09375
1113,153.38809034907598
1114,24.996577686516087
1115,127.48254620123204
1116,222.46954140999316
1117,102.48596851471595
1118,196.22313483915127
1119,279.96167008898016
1120,54.992470910335385
1121,61.75709001233045
1122,24.70283600493218
1123,43.91615289765721
1124,22.6442663378545
1125,85.57768187422934
1126,52.934648581997536
1127,26.467324290998768
1128,496.66254253015774
1129,36.484689143210645
1130,77.67708011135169
1131,150.1756882152799
1132,126.48909811694747
1133,44.64321110009911
1134,63.49256689791873
1135,82.27106045589693
1136,85.0346878097126
1137,170.0693756194252
1138,303.9228598306679
1139,198.01034807149577
1140,99.00517403574788
1141,18.41956726246472
1142,359.64205079962375
1143,234.35889570552146
1144,79.53356189101407
1145,159.06712378202815
1146,444.2096715987009
1147,77.7661494045471
1148,311.0645976181884
1149,98.60883400257595
1150,98.60883400257595
1151,214.48215773922266
1152,212.57564967042958
1153,114.39048412758542
1154,71.4940525797409
1155,142.9881051594818
1156,381.30161375861803
1157,63.55026895976968
1158,179.08620689655172
1159,11.431034482758621
1160,41.91379310344827
1161,196.9948275862069
1162,12.574137931034484
1163,82.2473532242541
1164,9.138594802694898
1165,320.5615976900866
1166,10.052454282964389
1167,86.2290502793296
1168,36.95530726256983
1169,73.91061452513966
1170,243.9050279329609
1171,187.84863560982964
1172,88.64767073722298
1173,176.2400120609076
1174,247.2636815920398
1175,210.86956521739128
1176,129.1304347826087
1177,131.6658624849216
1178,41.866103739445116
1179,30.94451145958987
1180,84.94571773220748
1181,16.989143546441497
1182,49.14716525934861
1183,39.00568671376874
1184,20.282957091159744
1185,49.14716525934861
1186,39.00568671376874
1187,233.97047073128368
1188,22.698627757512597
1189,417.55497655028665
1190,43.775924960917145
1191,37.28686327077748
1192,586.2323503127792
1193,535.4807864164433
1194,155.98536330371144
1195,135.5122843700993
1196,81.50235232618923
1197,138.2091998191682
1198,178.1363019891501
1199,171.99367088607596
1200,598.6608273056057
1201,101.42978723404254
1202,132.62006079027356
1203,212.84701114488348
1204,361.10314083080044
1205,202.00397953382605
1206,102.99602046617397
1207,27.528604118993137
1208,161.50114416475972
1209,15.140732265446225
1210,196.82951945080092
1211,52.394366197183096
1212,26.197183098591548
1213,73.67957746478874
1214,16.841046277665995
1215,50.52313883299799
1216,33.68209255533199
1217,94.73088531187123
1218,70.17102615694165
1219,46.78068410462777
1220,56.69491525423729
1221,346.0344827586207
1222,25.414962010520163
1223,240.85563997662186
1224,56.63346899688772
1225,12.069427819008858
1226,110.481685420158
1227,164.7277950682308
1228,31.035671534594204
1229,107.43117069667225
1230,55.70505147234857
1231,15.915728992099593
1232,81.60066006600661
1233,140.4290429042904
1234,237.97029702970298
1235,25.270092226613965
1236,6.738691260430391
1237,95.4647928560972
1238,21.900746596398772
1239,88.80632411067194
1240,44.042160737812914
1241,46.20816864295125
1242,81.82696530522618
1243,78.61806470502123
1244,59.123993558776164
1245,42.31846473029046
1246,112.7116182572614
1247,34.6804979253112
1248,76.17323651452281
1249,90.8298755186722
1250,41.28630705394191
1251,45.732349841938884
1252,98.32455216016861
1253,126.41728134878821
1254,29.399367755532136
1255,176.39620653319284
1256,143.73024236037935
1257,382.0
1258,120.84997677659081
1259,18.990710636321413
1260,86.32141198327915
1261,22.443567115652577
1262,86.32141198327915
1263,78.07292150487692
1264,171.1496062992126
1265,13.10236220472441
1266,31.586051743532057
1267,122.13273340832396
1268,77.91226096737907
1269,17.547806524184477
1270,51.473565804274465
1271,35.09561304836895
1272,177.78438661710038
1273,5.442379182156134
1274,51.313860860329264
1275,60.64365374402549
1276,130.6171003717472
1277,54.42379182156134
1278,7.774827403080192
1279,198.44478247642226
1280,47.83936720413751
1281,102.5129297231518
1282,113.90325524794646
1283,113.90325524794646
1284,18.983875874657745
1285,111.37207179799209
1286,16.45269242470338
1287,108.5877700030423
1288,105.71833886283034
1289,13.910307745109256
1290,204.01784692826908
1291,205.077679899325
1292,138.3082027228006
1293,66.76947717652443
1294,172.22285779659077
1295,132.4791213819929
1296,119.49616748655761
1297,135.9212103055722
1298,56.24325943678849
1299,51.22153984421809
1300,87.37792091072498
1301,111.4821749550629
1302,87.37792091072498
1303,113.82564409826243
1304,101.55032953864588
1305,225.81521739130434
1306,22.581521739130434
1307,132.77934782608696
1308,21.678260869565218
1309,130.0695652173913
1310,298.07608695652175
1311,31.180452594615684
1312,20.303550526726493
1313,43.50760827155677
1314,90.23800234100663
1315,227.77038626609445
1316,190.5095332018409
1317,51.54963839579224
1318,153.68836291913215
1319,14.408284023668639
1320,76.84418145956607
1321,101.8193091231178
1322,32.2533215234721
1323,3.162090345438441
1324,237.42781222320636
1325,25.20637732506643
1326,8.131089459698849
1327,80.76538804638714
1328,35.80731489741302
1329,103.84121320249777
1330,71.61462979482604
1331,34.61373773416592
1332,79.57181088314005
1333,39.78590544157002
1334,244.37207408915123
1335,117.97272542234887
1336,517.3010380622837
1337,115.8660696112355
1338,154.4880928149807
1339,167.05440900562851
1340,74.85928705440901
1341,256.32270168855536
1342,52.68292682926829
1343,72.94559099437149
1344,60.78799249530957
1345,94.55909943714822
1346,60.78799249530957
1347,101.70447600215711
1348,130.76289771705913
1349,133.05698364191983
1350,69.96962070825094
1351,94.05752291928815
1352,179.44849901132483
1353,92.30316409124356
1354,118.67549668874173
1355,62.51655629139073
1356,37.08609271523179
1357,85.82781456953643
1358,52.980132450331126
1359,30.610743193524648
1360,139.36647656831144
1361,24.5425241755517
1362,96.91792710141334
1363,67.61715844284652
1364,33.80857922142326
1365,110.19092486982396
1366,32.55640962062981
1367,168.31719876416065
1368,66.35581874356333
1369,108.20391349124614
1370,106.12306900102988
1371,277.0787724784989
1372,97.42670054730257
1373,8.291634089132135
1374,535.6987881157154
1375,80.84343236903831
1376,10.660672400312745
1377,47.6
1378,112.7
1379,32.2
1380,28.8
1381,14.4
1382,39.6
1383,20.7
1384,62.82152974504249
1385,36.64589235127479
1386,5.235127478753542
1387,2.617563739376771
1388,122.1529745042493
1389,78.52691218130312
1390,45.262418144066444
1391,22.631209072033222
1392,67.89362721609967
1393,81.27168183996166
1394,14.046957355055104
1395,6.521801629132726
1396,1.0033540967896502
1397,88.29516051748922
1398,14.046957355055104
1399,7.023478677527552
1400,1.0033540967896502
1401,41.16507077435471
1402,19.625208159866776
1403,60.790278934221476
1404,6.154246461282265
1405,134.16257285595336
1406,25.232410491257287
1407,11.077643630308078
1408,1.8462739383846793
1409,171.7034762697752
1410,22.770711906744378
1411,142.1630932556203
1412,20.309013322231475
1413,190.56603773584908
1414,314.4339622641509
1415,167.39712918660285
1416,56.971291866028714
1417,21.10047846889952
1418,48.5311004784689
1419,108.08116359935545
1420,29.229497074039525
1421,275.9808328386057
1422,37.386566024934275
1423,19.71291663132898
1424,91.08726995165804
1425,10.196336188618439
1426,138.96149605631413
1427,37.58078195233653
1428,171.29844796878976
1429,26.219150199304554
1430,173.04639131541006
1431,26.219150199304554
1432,4.926690541394565
1433,4.926690541394565
1434,29.56014324836739
1435,13.155887929218455
1436,83.80787866020644
1437,13.155887929218455
1438,12.18137771223931
1439,95.28544343796081
1440,48.409335727109514
1441,13.447037701974866
1442,112.37881508078995
1443,74.91921005385997
1444,71.84560143626571
1445,102.95629820051414
1446,71.72236503856041
1447,179.30591259640101
1448,96.01542416452442
1449,123.30882352941177
1450,117.57352941176471
1451,219.98949579831935
1452,132.7310924369748
1453,38.09873949579832
1454,213.2983193277311
1455,137.86846846846848
1456,60.245045045045046
1457,120.49009009009009
1458,324.39639639639637
1459,208.34955312810325
1460,90.25280181586041
1461,172.82451411547737
1462,280.57313094055894
1463,152.95945945945948
1464,66.63759213759214
1465,123.52334152334151
1466,272.6904176904177
1467,119.1891891891892
1468,223.97938144329896
1469,106.47759309909532
1470,157.29644435093624
1471,151.24658110666945
1472,187.54455445544554
1473,34.293861386138616
1474,45.01069306930693
1475,17.146930693069308
1476,15.003564356435644
1477,81.4479207920792
1478,6.4300990099009905
1479,15.003564356435644
1480,157.53742574257424
1481,228.62574257425743
1482,37.98521452145214
1483,75.97042904290429
1484,288.1787122207622
1485,89.69250985545335
1486,254.1287779237845
1487,125.0
1488,123.99221789883268
1489,158.00778210116732
1490,174.12616947340285
1491,69.60866078588613
1492,139.21732157177226
1493,95.94707297514033
1494,131.69206094627106
1495,140.05346164127238
1496,31.35525260625501
1497,105.76340502877916
1498,46.00878521660103
1499,86.90548318691306
1500,113.6019388064223
1501,22.720387761284456
1502,77.17977348859468
1503,63.311532939862815
1504,9.044504705694687
1505,65.89567714148987
1506,67.4461636624661
1507,11.628648907321741
1508,193.81081512202903
1509,51.682884032541075
1510,54.82178217821782
1511,7.831683168316832
1512,76.35891089108911
1513,37.75990099009901
1514,16.409240924092412
1515,32.818481848184824
1516,27.49918699186992
1517,8.937235772357724
1518,26.517073170731706
1519,13.258536585365853
1520,168.5307317073171
1521,57.257235772357724
1522,78.34705228031146
1523,27.330367074527253
1524,50.32258064516129
1525,143.70078740157481
1526,89.91563554555681
1527,182.2947131608549
1528,18.47581552305962
1529,104.01199850018747
1530,191.6010498687664
1531,79.10569105691057
1532,39.552845528455286
1533,144.08536585365854
1534,69.5
1535,70.630081300813
1536,14.1260162601626
1537,85.3704572098476
1538,13.261430246189917
1539,55.41383352872216
1540,27.70691676436108
1541,92.35638921453693
1542,61.570926143024614
1543,169.3200468933177
1544,142.30772607550483
1545,59.57067603160667
1546,39.71378402107111
1547,62.40737489025461
1548,422.66812993854256
1549,167.36523266022826
1550,182.96707638279193
1551,111.14975609756097
1552,48.74341463414634
1553,310.18536585365854
1554,144.01463414634148
1555,142.90682926829268
1556,125.58419740123377
1557,84.6134663341646
1558,56.112088200551256
1559,27.61071006693792
1560,28.699304370652317
1561,18.802992518703242
1562,412.57724110775695
1563,288.579766536965
1564,96.19325551232166
1565,430.2269779507134
1566,68.24575586095392
1567,83.8447857720291
1568,94.24413904607923
1569,21.66531932093775
1570,52.01050119331742
1571,44.75322195704057
1572,176.24821002386636
1573,76.8926014319809
1574,12.095465393794749
1575,47.14476614699332
1576,74.64587973273943
1577,107.08596881959912
1578,9.092204899777283
1579,49.50200445434298
1580,132.4543429844098
1581,11.224944320712694
1582,72.84988864142538
1583,27.127916331456152
1584,27.127916331456152
1585,63.298471440064354
1586,93.81737731295254
1587,69.6283185840708
1588,196.0752688172043
1589,39.215053763440864
1590,201.6774193548387
1591,84.03225806451613
1592,202.96817102137766
1593,80.24323040380047
1594,215.0308788598575
1595,53.757719714964374
1596,52.739912493923185
1597,38.08993680116675
1598,16.324258629071462
1599,67.80845892075838
1600,47.35828877005348
1601,23.67914438502674
1602,102.16243654822335
1603,51.08121827411168
1604,193.75634517766497
1605,78.16091954022988
1606,39.08045977011494
1607,154.75862068965517
1608,74.46707692307693
1609,64.91076923076923
1610,77.89292307692308
1611,51.38769230769231
1612,24.341538461538462
1613,41.314522821576766
1614,11.066390041493776
1615,11.066390041493776
1616,42.684647302904565
1617,14.228215767634856
1618,39.839004149377594
1619,14.755186721991702
1620,79.04564315352697
1621,109.00460299194478
1622,110.21576524741081
1623,64.43383199079402
1624,81.75345224395858
1625,343.364499424626
1626,133.22784810126583
1627,69.71523178807946
1628,68.01241721854305
1629,154.25496688741723
1630,52.2864238410596
1631,139.73096026490066
1632,31.751824817518248
1633,162.04379562043798
1634,16.423357664233578
1635,94.16058394160585
1636,280.6204379562044
1637,31.53081510934394
1638,63.06163021868788
1639,149.4075546719682
1640,27.284440842787685
1641,81.85332252836304
1642,54.56888168557537
1643,94.2933549432739
1644,90.65037796976242
1645,34.82613390928726
1646,101.40550755939525
1647,44.11798056155508
1648,47.121212121212125
1649,98.0121212121212
1650,165.86666666666667
1651,134.33098591549296
1652,26.098591549295776
1653,14.58450704225352
1654,134.22132796780684
1655,6.908450704225352
1656,10.856136820925554
1657,24.007100591715975
1658,21.43491124260355
1659,48.01420118343195
1660,30.86627218934911
1661,28.661538461538463
1662,54.01597633136094
1663,311.2218709584711
1664,61.1451357953729
1665,39.749245581261675
1666,79.49849116252335
1667,114.83115390142261
1668,76.55410260094841
1669,308.5361287907151
1670,361.46387120928495
1671,133.14794215795328
1672,42.79755283648498
1673,28.53170189098999
1674,128.39265850945495
1675,237.13014460511678
1676,93.51149118118653
1677,78.79208979155533
1678,25.455905932656332
1679,70.1336183858899
1680,56.10689470871192
1681,147.6
1682,27.0
1683,88.0
1684,132.0
1685,158.4
1686,343.10769230769233
1687,135.24615384615385
1688,111.64615384615385
1689,81.60892086330936
1690,86.7496402877698
1691,38.55539568345324
1692,106.57812949640288
1693,37.178417266187054
1694,24.785611510791366
1695,262.54388489208634
1696,99.56896551724138
1697,113.79310344827586
1698,128.01724137931035
1699,153.6206896551724
1700,32.46741573033708
1701,34.73258426966292
1702,17.36629213483146
1703,171.39775280898877
1704,40.01797752808989
1705,194.1573033707865
1706,37.86067415730337
1707,72.95238095238095
1708,89.10612244897959
1709,42.208163265306126
1710,98.48571428571428
1711,80.24761904761905
1712,20.868508287292816
1713,13.729281767955802
1714,117.91491712707183
1715,27.537016574585632
1716,52.95580110497237
1717,20.397790055248617
1718,30.59668508287293
1719,135.2554733504454
1720,61.132417333534654
1721,218.11173184357543
1722,112.00332175751171
1723,163.74754642911068
1724,32.749509285822135
1725,78.39524838012959
1726,43.461585930268434
1727,22.193150262264734
1728,68.42887997531626
1729,34.21443998765813
1730,71.92224622030237
1731,14.384449244060475
1732,218.3325191336916
1733,46.58687510177496
1734,75.095261358085
1735,13.409868099658036
1736,77.77723497801661
1737,148.99853444064485
1738,29.79970688812897
1739,364.16403785488956
1740,116.8359621451104
1741,429.62264150943395
1742,164.37735849056602
1743,27.053149606299215
1744,220.03228346456692
1745,103.70374015748031
1746,27.053149606299215
1747,33.06496062992126
1748,98.09271653543308
1749,149.04552129221733
1750,71.95301027900148
1751,132.15859030837004
1752,66.07929515418502
1753,80.76358296622614
1754,49.00638103919781
1755,32.67092069279854
1756,16.33546034639927
1757,61.60802187784868
1758,42.00546946216955
1759,21.002734731084775
1760,186.69097538742022
1761,102.68003646308114
1762,419.17026378896884
1763,291.69064748201436
1764,142.6043165467626
1765,47.534772182254194
1766,204.24312393887945
1767,79.92122241086587
1768,162.69677419354838
1769,268.306960950764
1770,114.17317487266554
1771,104.65874363327674
1772,123.90942293644997
1773,96.736303871439
1774,179.9464329194059
1775,95.40784027270514
1776,104.74262068965518
1777,48.08937931034483
1778,77.07475862068965
1779,38.537379310344825
1780,65.87586206896552
1781,63.68
1782,247.21911798660818
1783,20.21288386054029
1784,58.30639575155853
1785,35.983375663818975
1786,35.983375663818975
1787,66.63588085892404
1788,16.65897021473101
1789,136.12761474793078
1790,173.6800601956358
1791,14.082167042889392
1792,60.35214446952596
1793,87.51060948081265
1794,85.24740406320541
1795,86.9525959367946
1796,452.1534988713318
1797,141.29796839729119
1798,15.216704288939052
1799,188.39729119638827
1800,57.96839729119639
1801,193.22799097065464
1802,108.93227990970655
1803,39.853273137697514
1804,196.09464902186423
1805,83.22065592635214
1806,21.044303797468356
1807,145.12370540851552
1808,29.51668584579977
1809,104.92462311557789
1810,91.80904522613065
1811,91.80904522613065
1812,15.301507537688442
1813,131.15577889447235
1814,32.10810810810811
1815,16.054054054054056
1816,83.5019305019305
1817,15.637065637065636
1818,107.37451737451738
1819,162.83397683397683
1820,38.988416988416986
1821,300.4401544401544
1822,32.10810810810811
1823,155.95366795366795
1824,132.95268956578096
1825,18.268308489954634
1826,122.29617627997408
1827,69.85936487362281
1828,4.144199611147116
1829,248.65197666882696
1830,6.512313674659754
1831,23.68114063512638
1832,5.328256642903434
1833,20.72099805573558
1834,117.22164614387557
1835,25.8801036941024
1836,54.8049254698639
1837,59.20285158781594
1838,10.149060272197017
1839,124.32598833441348
1840,113.2903981264637
1841,111.53395784543325
1842,47.423887587822016
1843,23.711943793911008
1844,52.693208430913344
1845,26.346604215456672
1846,219.49144028703228
1847,66.0676576114813
1848,147.5511019989749
1849,84.94413121476167
1850,109.48354689902614
1851,246.3379805228088
1852,80.22501281394158
1853,68.89912865197334
1854,264.47889182058043
1855,31.390171503957784
1856,12.689643799472297
1857,82.14874670184696
1858,191.68040897097626
1859,237.65253957783642
1860,28.829980211081793
1861,58.1052110817942
1862,30.054419525065967
1863,150.27209762532982
1864,129.122691292876
1865,33.39379947229551
1866,16.696899736147756
1867,83.48449868073878
1868,6.5430608886450905
1869,140.67580910586946
1870,15.26714207350521
1871,39.25836533187054
1872,16.825013713658805
1873,65.4306088864509
1874,50.19925178919974
1875,56.89248536109304
1876,276.43054651919323
1877,37.48210800260247
1878,19.276512687052698
1879,19.276512687052698
1880,90.35865322055953
1881,195.44242029928432
1882,77.64150943396227
1883,95.41045243764883
1884,235.8427121193132
1885,82.29151522747212
1886,76.92467727785436
1887,153.84935455570871
1888,148.68128838200275
1889,28.41989436619718
1890,41.98393485915493
1891,181.7581426056338
1892,18.085387323943664
1893,16.276848591549296
1894,23.252640845070424
1895,23.252640845070424
1896,51.15580985915493
1897,136.93221830985914
1898,65.88248239436619
1899,104.39211391018621
1900,29.09446878422782
1901,87.28340635268346
1902,53.93592552026287
1903,78.29408543263965
1904,36.213058419243985
1905,120.98453608247422
1906,32.646620847651775
1907,67.21363115693012
1908,144.44072164948452
1909,77.50143184421535
1910,65.68588770864947
1911,15.00060698027314
1912,190.4424886191199
1913,49.47405159332322
1914,111.52625189681336
1915,16.770864946889226
1916,50.312594840667686
1917,57.39362670713202
1918,57.39362670713202
1919,66.36972538513061
1920,81.11855324849297
1921,92.91761553918285
1922,51.620897521768256
1923,180.67314132618887
1924,79.64367046215673
1925,154.86269256530474
1926,70.7943737441393
1927,149.94641661085063
1928,67.59879437374414
1929,105.45411922304086
1930,325.9244145606306
1931,25.396707628101087
1932,32.652909807558544
1933,208.16230002318574
1934,32.652909807558544
1935,27.210758172965452
1936,41.49778709527137
1937,56.0812951316096
1938,68.05637083624505
1939,73.98462613556953
1940,79.67575122292104
1941,189.70416957838341
1942,218.21864537728558
1943,44.90419778521762
1944,60.77259850630955
1945,45.57944887973216
1946,67.52510945145507
1947,39.55466666666667
1948,13.692
1949,60.85333333333334
1950,9.78
1951,39.12
1952,189.6779661016949
1953,49.91525423728813
1954,38.2683615819209
1955,64.17675544794189
1956,12.835351089588377
1957,206.7917675544794
1958,27.33454398708636
1959,118.44646606018195
1960,55.27501749475157
1961,38.072078376487056
1962,38.072078376487056
1963,68.5297410776767
1964,84.60461861441567
1965,18.472303206997086
1966,3.5276967930029155
1967,29.968573730862207
1968,15.438356164383562
1969,127.13940370668816
1970,42.03384367445608
1971,81.73247381144239
1972,25.687348912167607
1973,152.02662490211432
1974,65.15426781519186
1975,100.05833985904464
1976,34.90407204385278
1977,89.7533281127643
1978,124.10336726703211
1979,122.36407766990293
1980,90.76456310679612
1981,30.254854368932037
1982,33.616504854368934
1983,94.75504322766571
1984,250.23945506942624
1985,139.54833638983496
1986,60.08331150117893
1987,116.29028032486245
1988,161.08357348703169
1989,80.75511274252753
1990,101.75144205558468
1991,18.371788148925013
1992,146.26769795490299
1993,23.318038804404825
1994,62.686156266386995
1995,57.23518615626638
1996,83.581541688516
1997,34.522810697430515
1998,129.20818038804404
1999,32.30204509701101
2000,47.27335640138408
2001,36.7681660899654
2002,55.1522491349481
2003,47.27335640138408
2004,27.217993079584776
2005,131.31487889273356
2006,25.24818001323627
2007,8.416060004412088
2008,150.64747407897642
2009,121.19126406353408
2010,32.46194573130377
2011,162.30972865651887
2012,32.46194573130377
2013,16.230972865651886
2014,64.92389146260754
2015,288.5506287227002
2016,108.20648577101257
2017,79.35142289874256
2018,208.7560975609756
2019,148.44878048780487
2020,482.45853658536583
2021,111.33658536585367
2022,13.304488912925907
2023,63.196322336398055
2024,138.1449432125473
2025,143.6884802595998
2026,15.078420767982692
2027,36.58734451054624
2028,60.591249507292076
2029,68.16515569570359
2030,34.082577847851795
2031,37.977729601892
2032,37.977729601892
2033,197.6789515175404
2034,70.32912889239259
2035,28.13165155695704
2036,14.06582577847852
2037,17.090036900369004
2038,70.56531365313653
2039,19.29520295202952
2040,3.307749077490775
2041,11.638376383763836
2042,44.103321033210335
2043,132.45489781536293
2044,90.96300211416491
2045,18.4661733615222
2046,233.90486257928117
2047,28.725158562367866
2048,31.916842847075404
2049,110.56906272022552
2050,18.161889804999348
2051,325.46106530558825
2052,61.023949744797804
2053,119.55712603062426
2054,48.570082449941104
2055,59.77856301531213
2056,67.25088339222616
2057,25.737992409370502
2058,48.77764690485539
2059,18.680800942285043
2060,106.62295081967213
2061,507.5252459016393
2062,29.8544262295082
2063,89.56327868852459
2064,115.1527868852459
2065,19.192131147540984
2066,42.649180327868855
2067,156.38032786885248
2068,17.05967213114754
2069,103.14728123874684
2070,309.44184371624056
2071,172.4033129276197
2072,97.00756211739287
2073,122.83857315598549
2074,52.54761185006046
2075,80.43001813784764
2076,12.673821039903265
2077,95.54111245465538
2078,9.554111245465538
2079,29.34477025392987
2080,168.46432889963725
2081,21.935459492140268
2082,34.12182587666264
2083,17.548367593712214
2084,68.28917120387175
2085,84.4302480338778
2086,33.523774954627946
2087,195.55535390199637
2088,31.927404718693285
2089,127.70961887477314
2090,127.70961887477314
2091,63.85480943738657
2092,43.275980729525116
2093,25.244322092222987
2094,32.81761871988988
2095,16.40880935994494
2096,144.25326909841706
2097,11.530729465824239
2098,2.096496266513498
2099,180.50832854681218
2100,4.402642159678346
2101,19.07811602527283
2102,103.77656519241815
2103,11.740379092475589
2104,2.5157955198161974
2105,5.765364732912119
2106,17.29609419873636
2107,6.289488799540494
2108,315.8108108108108
2109,417.65765765765764
2110,216.53153153153153
2111,194.0909090909091
2112,13.974545454545455
2113,35.93454545454546
2114,68.29646017699115
2115,9.106194690265486
2116,87.6471238938053
2117,61.466814159292035
2118,24.283185840707965
2119,3.0353982300884956
2120,89.16482300884955
2121,184.32130584192439
2122,81.62800687285224
2123,265.42268041237116
2124,81.62800687285224
2125,157.4736842105263
2126,88.57894736842104
2127,78.73684210526315
2128,39.368421052631575
2129,147.6315789473684
2130,49.21052631578947
2131,106.5560149635755
2132,92.9267572356763
2133,587.6511124237055
2134,111.86611537704273
2135,244.8139534883721
2136,85.16558139534884
2137,16.61767441860465
2138,211.8753488372093
2139,135.0186046511628
2140,80.71441860465116
2141,47.47906976744186
2142,83.08837209302325
2143,11.869767441860464
2144,40.35720930232558
2145,118.88557213930349
2146,293.11442786069654
2147,368.296853625171
2148,151.00170998632012
2149,250.77667578659373
2150,208.92476060191518
2151,78.42781801007557
2152,291.51471977329976
2153,510.386177581864
2154,314.2493702770781
2155,514.4219143576826
2156,165.37206703910616
2157,91.54525139664804
2158,624.0826815642458
2159,156.46916982431966
2160,14.901825697554255
2161,55.56252152945229
2162,27.781260764726145
2163,26.61040303134688
2164,27.674819152600758
2165,44.130434782608695
2166,3.0434782608695654
2167,7.82608695652174
2168,84.85871010638297
2169,4.628656914893617
2170,24.171875
2171,1.5428856382978722
2172,140.91688829787236
2173,9.257313829787234
2174,103.15292553191489
2175,68.18085106382979
2176,5.289893617021277
2177,80.14545454545454
2178,22.898701298701297
2179,88.32356215213358
2180,75.23858998144713
2181,12.880519480519482
2182,12.880519480519482
2183,92.00371057513914
2184,46.00185528756957
2185,81.78107606679036
2186,38.84601113172541
2187,200.9905447996398
2188,226.11436289959477
2189,812.8950923007654
2190,57.884088514225496
2191,497.9898840885142
2192,20.912961011591147
2193,225.18777660695469
2194,65.35300316122235
2195,18.672286617492098
2196,53.32834704562453
2197,78.21490900024932
2198,48.52879581151833
2199,16.176265270506107
2200,212.78010471204186
2201,75.1929693343306
2202,228.77860882572926
2203,306.1957811470006
2204,62.91694133157548
2205,28.76203032300593
2206,32.357284113381674
2207,129.8286090969018
2208,23.968358602504946
2209,21.970995385629532
2210,20.00270489586151
2211,154.8444684879632
2212,77.4222342439816
2213,36.00486881255072
2214,18.00243440627536
2215,18.00243440627536
2216,203.32161211793346
2217,101.66080605896673
2218,99.54287259940492
2219,117.66296997565595
2220,23.532593995131187
2221,26.004228329809724
2222,82.34672304439746
2223,121.35306553911207
2224,24.27061310782241
2225,156.02536997885835
2226,229.38557435440785
2227,149.5992876224399
2228,29.91985752448798
2229,76.93677649154051
2230,228.673196794301
2231,85.48530721282279
2232,113.88888888888889
2233,101.1111111111111
2234,205.0
2235,94.0
2236,263.2
2237,394.8
2238,170.70586659523173
2239,51.38896330029467
2240,244.54058398071257
2241,163.36458612376106
2242,22.026168224299063
2243,64.2429906542056
2244,554.3252336448598
2245,22.026168224299063
2246,84.9580774365821
2247,84.9580774365821
2248,31.465954606141526
2249,39.33244325767691
2250,23.599465954606142
2251,47.198931909212284
2252,7.866488651535382
2253,59.08090614886732
2254,132.93203883495144
2255,29.54045307443366
2256,284.8543689320388
2257,18.990291262135923
2258,126.60194174757281
2259,213.6745027124774
2260,55.574011883234306
2261,79.6910359080341
2262,46.13691552570395
2263,23.30147248772927
2264,32.622061482820975
2265,119.6276308688613
2266,418.6967080410146
2267,167.47868321640584
2268,115.1969778737183
2269,148.6331500392773
2270,70.31029065200315
2271,36.056559308719564
2272,164.41599438793406
2273,84.40021045247282
2274,270.080673447913
2275,67.52016836197825
2276,38.58295334970186
2277,73.17043010752688
2278,167.5217741935484
2279,73.17043010752688
2280,167.5217741935484
2281,240.5440860215054
2282,532.9295698924732
2283,398.141935483871
2284,578.4241639455016
2285,249.9814210111474
2286,40.143001914198855
2287,341.9975228014863
2288,39.62166422700146
2289,54.21911946852832
2290,54.21911946852832
2291,138.15448710730774
2292,18.637822317306608
2293,319.710336673798
2294,190.2882558270465
2295,45.87771647337012
2296,243.72536876477872
2297,68.16258813770219
2298,34.08129406885109
2299,167.72127747822478
2300,64.44462878473664
2301,163.59021153048528
2302,150.33588978838233
2303,181.52080670359322
2304,269.5986365573072
2305,185.54466695071721
2306,382.1681068342498
2307,281.71249018067556
2308,39.63629222309505
2309,133.3220738413197
2310,37.23409269442263
2311,411.97721916732127
2312,212.59465828750982
2313,169.35506677140611
2314,64.12700296735906
2315,37.837388724035605
2316,76.28902077151335
2317,16.584569732937688
2318,12.162017804154303
2319,173.27530562347187
2320,181.3444987775061
2321,61.1559902200489
2322,28.029828850855747
2323,103.34229828850854
2324,31.8520782396088
2325,96.00997506234414
2326,105.61097256857856
2327,128.3790523690773
2328,27.761194029850746
2329,6.940298507462686
2330,22.671641791044774
2331,97.16417910447761
2332,62.46268656716418
2333,155.8862506902264
2334,218.24075096631694
2335,216.13418001104364
2336,172.73881833241305
2337,382.0610687022901
2338,126.62595419847328
2339,63.31297709923664
2340,10.794647834974912
2341,184.70841850957072
2342,321.4406244192529
2343,11.994053149972123
2344,92.52555287121353
2345,15.420925478535588
2346,106.40438580189556
2347,4.626277643560677
2348,38.55231369633897
2349,5.997026574986061
2350,61.683701914142354
2351,2.0561233971380783
2352,65.7959487084185
2353,98.625
2354,7.044642857142857
2355,230.125
2356,177.525
2357,12.680357142857144
2358,188.92923998502434
2359,473.4893298390116
2360,583.5814301759641
2361,58.368
2362,4.5600000000000005
2363,81.7152
2364,7.660799999999999
2365,49.248
2366,26.448
2367,164.40058479532163
2368,32.880116959064324
2369,32.880116959064324
2370,802.2748538011696
2371,166.42397660818713
2372,531.140350877193
2373,16.528243487232395
2374,124.88006190353366
2375,368.94712406499866
2376,201.64457054423522
2377,225.97402597402598
2378,690.909090909091
2379,225.97402597402598
2380,57.14285714285714
2381,50.5
2382,12.625
2383,138.875
2384,585.1494252873564
2385,299.3264367816092
2386,94.52413793103449
2387,172.0
2388,113.64285714285714
2389,73.71428571428571
2390,586.6428571428571
2391,514.1651769753307
2392,44.21165534501252
2393,710.6614229531641
2394,562.9617447264926
2395,138.98281304805332
2396,207.04875482286914
2397,35.28025254296738
2398,126.68817958611014
2399,19.35862638659429
2400,139.56219022893555
2401,21.609629454802924
2402,65.54920934623554
2403,14.49645975926363
2404,121.6442058059948
2405,20.799268350247818
2406,19.448666509322635
2407,4.862166627330659
2408,16.207222091102196
2409,11.345055463771537
2410,43.75949964597593
2411,43.579419400519235
2412,85.71819683738494
2413,13.50601840925183
2414,65.72928959169224
2415,6.753009204625915
2416,49.07186688694832
2417,67.02803738317756
2418,187.6785046728972
2419,71.29345794392523
2420,74.4551282051282
2421,6.474358974358974
2422,104.2371794871795
2423,167.03846153846152
2424,41.43589743589744
2425,10.35897435897436
2426,73.5
2427,262.5
2428,122.77652370203161
2429,150.33860045146727
2430,281.88487584650113
2431,10.803108808290155
2432,115.23316062176166
2433,122.43523316062178
2434,8.642487046632125
2435,159.8860103626943
2436,287.95041576840157
2437,292.20203264551895
2438,674.8475515860795
2439,114.26096307802605
2440,67.03309833910862
2441,68.55657784681563
2442,54.8452622774525
2443,258.99151631019237
2444,399.9133707730912
2445,153.566734376867
2446,47.98960449277094
2447,79.52563030230613
2448,193.3295495280201
2449,706.132751822201
2450,52.40769506512128
2451,228.5219261560521
2452,124.92531963197514
2453,85.13545634618315
2454,131.8226420844126
2455,294.77007466097825
2456,136.971964040835
2457,21.74158159378333
2458,80.55828127380771
2459,90.91836734693878
2460,92.57142857142857
2461,59.51020408163265
2462,35.93795093795094
2463,24.0995670995671
2464,210.55411255411255
2465,40.16594516594517
2466,275.24242424242425
2467,268.07837226827434
2468,380.1838733986435
2469,144.13564431047476
2470,131.60211002260738
2471,95.04950495049505
2472,106.93069306930693
2473,23.762376237623762
2474,374.25742574257424
2475,193.70564157323366
2476,42.680904075458265
2477,302.6650649581776
2478,333.2393664353088
2479,280.7090229578217
2480,25.576066199872695
2481,19.834500318268617
2482,51.15213239974539
2483,7.829408020369192
2484,7.829408020369192
2485,45.09739019732655
2486,1.670273711012094
2487,1.670273711012094
2488,3.340547422024188
2489,145.37564766839378
2490,241.39119170984455
2491,279.9326424870466
2492,59.50259067357513
2493,56.79792746113989
2494,267.46370623398803
2495,401.1955593509821
2496,271.0298889837745
2497,44.57728437233134
2498,59.733561058923996
2499,191.87390029325513
2500,132.8357771260997
2501,322.6011730205278
2502,71.6891495601173
2503,93.34308705193854
2504,12.070226773957572
2505,29.29041697147037
2506,37.65910753474762
2507,47.637161667885884
2508,167.7163759144626
2509,592.9971862689927
2510,126.28643781654473
2511,133.70542635658916
2512,21.488372093023255
2513,275.7674418604651
2514,118.18604651162791
2515,58.25736434108527
2516,8.595348837209302
2517,160.79289644822413
2518,12.583791895947973
2519,152.6833416708354
2520,163.58929464732367
2521,30.201100550275136
2522,10.067033516758379
2523,29.082541270635318
2524,31.21345407503234
2525,32.28978007761966
2526,3.58775334195774
2527,40.36222509702458
2528,8.072445019404915
2529,106.73566192324277
2530,8.072445019404915
2531,10.763260025873223
2532,45.205692108667535
2533,75.34282018111254
2534,11.301423027166884
2535,34.44243208279431
2536,8.610608020698578
2537,137.6652119700748
2538,34.96259351620948
2539,9.614713216957606
2540,42.39214463840399
2541,14.422069825436408
2542,102.26558603491272
2543,187.92394014962593
2544,21.851620947630924
2545,131.54675810473816
2546,18.355361596009974
2547,44.127955493741304
2548,2.7579972183588315
2549,5.515994436717663
2550,565.3894297635605
2551,201.3337969401947
2552,861.8741307371349
2553,37.23296244784423
2554,22.063977746870652
2555,24.821974965229483
2556,2.7579972183588315
2557,215.12378303198886
2558,101.89635316698656
2559,440.3378119001919
2560,3.63915547024952
2561,69.14395393474088
2562,47.55163147792706
2563,431.3612284069098
2564,6.793090211132437
2565,74.72399232245682
2566,720.552783109405
2567,87.1590909090909
2568,692.8409090909091
2569,200.9431907378336
2570,816.9734105180534
2571,196.00961538461536
2572,128.00627943485088
2573,17.067503924646783
2574,52.63869625520111
2575,54.87864077669903
2576,109.75728155339806
2577,399.15811373092924
2578,29.56726768377254
2579,112.55712472231038
2580,102.32465883846399
2581,20.464931767692796
2582,25.012694382735642
2583,73.78744842907014
2584,332.668835290384
2585,290.1472548397334
2586,48.77475404633449
2587,97.54950809266899
2588,25.012694382735642
2589,31.834338305299905
2590,31.834338305299905
2591,63.66867661059981
2592,31.834338305299905
2593,36.382100920342744
2594,36.382100920342744
2595,72.76420184068549
2596,168.2251256281407
2597,87.11658291457287
2598,87.11658291457287
2599,123.59396984924622
2600,65.23015075376885
2601,322.7175879396985
2602,269.140625
2603,138.607421875
2604,141.298828125
2605,144.56696428571428
2606,238.38169642857142
2607,446.00446428571433
2608,71.06514084507042
2609,103.25704225352112
2610,54.66549295774648
2611,18.221830985915492
2612,97.79049295774648
2613,85.61770129071911
2614,702.0651505838968
2615,21.404425322679778
2616,185.91272280270437
2617,58.414959928762244
2618,5.841495992876224
2619,2.920747996438112
2620,42.89848619768477
2621,10.040071237756012
2622,16.429207479964383
2623,10.95280498664292
2624,57.502226179875336
2625,58.11255060728745
2626,24.728744939271255
2627,12.364372469635628
2628,21.63765182186235
2629,60.7914979757085
2630,16.48582995951417
2631,37.09311740890688
2632,69.24048582995951
2633,2.88502024291498
2634,92.32064777327936
2635,2.88502024291498
2636,110.45506072874494
2637,248.3421965317919
2638,24.471676300578036
2639,21.752601156069364
2640,293.4335260115607
2641,85.42210386151798
2642,4.745672436750999
2643,38.22902796271638
2644,38.22902796271638
2645,18.455392809587217
2646,7.909454061251664
2647,18.455392809587217
2648,110.7323568575233
2649,62.74833555259653
2650,11.07323568575233
2651,156.80124223602485
2652,195.54037267080747
2653,166.0248447204969
2654,27.055900621118013
2655,147.5776397515528
2656,43.867924528301884
2657,67.26415094339623
2658,43.867924528301884
2659,26.823529411764707
2660,4.6568627450980395
2661,1.8627450980392157
2662,1.397058823529412
2663,10.245098039215687
2664,64.54411764705883
2665,11.083333333333332
2666,10.431372549019608
2667,1.9558823529411764
2668,14.857142857142856
2669,2.321428571428571
2670,2.321428571428571
2671,12.38095238095238
2672,4.642857142857142
2673,4.642857142857142
2674,8.666666666666666
2675,8.666666666666666
2676,9.75
2677,9.75
2678,129.58174904942967
2679,7.198986058301648
2680,183.09421208280523
2681,6.7190536544148705
2682,99.34600760456273
2683,127.66201943388255
2684,14.397972116603295
2685,76.38853503184714
2686,17.101910828025478
2687,98.50700636942675
2688,33.519745222929934
2689,31.92356687898089
2690,100.55923566878981
2691,33.996894409937894
2692,12.096273291925465
2693,5.093167701863354
2694,7.639751552795031
2695,64.17391304347827
2696,100.07871198568873
2697,7.413237924865832
2698,40.50805008944544
2699,554.6643447975621
2700,41.356552024379624
2701,70.54941227688289
2702,34.05833696125381
2703,36.49107531562908
2704,241.5045711797997
2705,120.75228558989986
2706,283.0822812363953
2707,141.54114061819766
2708,214.95162241887905
2709,136.29026548672567
2710,361.7581120943953
2711,61.88539741219963
2712,6.876155268022181
2713,16.044362292051755
2714,39.19408502772643
2715,289.8678414096916
2716,696.0352422907489
2717,273.12775330396477
2718,140.96916299559473
2719,459.76485148514854
2720,37.68564356435643
2721,73.86386138613861
2722,37.68564356435643
2723,14.444216990788126
2724,14.444216990788126
2725,18.857727737973388
2726,3.6110542476970315
2727,2.407369498464688
2728,6.018423746161719
2729,6.018423746161719
2730,47.896622313203686
2731,1.0030706243602867
2732,5.015353121801433
2733,1.5046059365404298
2734,4.212896622313203
2735,4.563971340839304
2736,66.00204708290686
2737,38.34782608695652
2738,43.82608695652174
2739,10.956521739130435
2740,84.36521739130434
2741,11.504347826086956
2742,19.05029013539652
2743,1.4216634429400385
2744,19.429400386847195
2745,5.686653771760154
2746,9.951644100580271
2747,39.806576402321085
2748,2.653771760154739
2749,2.6194029850746268
2750,0.8731343283582089
2751,9.507462686567164
2752,39.6
2753,9.9
2754,23.1
2755,80.85
2756,11.55
2757,9.899699599465956
2758,97.72780373831776
2759,16.076435246995995
2760,164.14886515353805
2761,201.97079439252337
2762,17.176401869158877
2763,40.03506574827802
2764,141.79085785848466
2765,20.851596743894802
2766,144.01502817783344
2767,97.30745147150908
2768,27.372708757637476
2769,10.036659877800407
2770,77.55600814663951
2771,41.8194161575017
2772,45.621181262729124
2773,6.082824168363883
2774,154.35166327223354
2775,31.934826883910382
2776,53.22471147318397
2777,296.1972924032077
2778,31.278434077778737
2779,129.02354057083727
2780,5.213072346296456
2781,875.7961541778046
2782,5.213072346296456
2783,31.278434077778737
2784,32.4390243902439
2785,42.6829268292683
2786,106.36585365853658
2787,84.51219512195122
2788,35.5
2789,2.5
2790,21.0
2791,37.450413223140494
2792,9.855371900826446
2793,22.99586776859504
2794,19.710743801652892
2795,68.98760330578513
2796,50.625
2797,10.5
2798,10.5
2799,4.5
2800,31.875
2801,159.0
2802,22.85388127853881
2803,3.8584474885844746
2804,21.765601217656013
2805,3.95738203957382
2806,77.56468797564688
2807,55.74807925596441
2808,68.61302062272544
2809,26.546704407602103
2810,29.609785685402343
2811,5.105135463000405
2812,44.92519207440356
2813,182.9680549939345
2814,91.48402749696724
2815,83.25070599309696
2816,22.36586131157829
2817,169.60778161280203
2818,120.77565108252276
2819,48.31372549019608
2820,13.176470588235293
2821,99.92156862745098
2822,118.58823529411765
2823,153.3887733887734
2824,24.490644490644492
2825,198.5031185031185
2826,218.0956340956341
2827,141.14345114345113
2828,8.378378378378377
2829,56.47395928846507
2830,42.28452228131304
2831,124.35622593068035
2832,10.329910141206675
2833,71.11745827984596
2834,7.946084724005135
2835,127.70493306436823
2836,178.78690629011552
2837,3.224040464147575
2838,23.642963403748883
2839,14.329068729544778
2840,144.72359416840226
2841,177.32222552811663
2842,19.70246950312407
2843,22.568283249033026
2844,142.93246057720916
2845,185.56144004760486
2846,31.52395120499851
2847,262.22195775066945
2848,176.24754537340078
2849,4.120481927710843
2850,8.012048192771084
2851,5.72289156626506
2852,10.301204819277109
2853,28.8433734939759
2854,46.49484536082474
2855,8.45360824742268
2856,75.94158075601375
2857,0.986254295532646
2858,114.12371134020619
2859,6.0
2860,2.5
2861,10.500000000000002
2862,16.0
2863,10.614795918367346
2864,10.614795918367346
2865,21.105442176870746
2866,21.105442176870746
2867,70.76530612244898
2868,11.79421768707483
